[
    {
      "title": "Диспетчерийн хоногийн мэдээ",
      "desc": "Эрчим хүчний яамнаас хувийн хэвшлийн компаниудын төлөөллийг оролцуулсан ээлжит уузалтыг зохион байгууллаа."
    },
    {
        "title": "Диспетчерийн хоногийн мэдээ",
        "desc": "Эрчим хүчний яамнаас хувийн хэвшлийн компаниудын төлөөллийг оролцуулсан ээлжит уузалтыг зохион байгууллаа."
      },
      {
        "title": "Диспетчерийн хоногийн мэдээ",
        "desc": "Эрчим хүчний яамнаас хувийн хэвшлийн компаниудын төлөөллийг оролцуулсан ээлжит уузалтыг зохион байгууллаа."
      },
      {
        "title": "Диспетчерийн хоногийн мэдээ",
        "desc": "Эрчим хүчний яамнаас хувийн хэвшлийн компаниудын төлөөллийг оролцуулсан ээлжит уузалтыг зохион байгууллаа."
      },
      {
        "title": "Диспетчерийн хоногийн мэдээ",
        "desc": "Эрчим хүчний яамнаас хувийн хэвшлийн компаниудын төлөөллийг оролцуулсан ээлжит уузалтыг зохион байгууллаа."
      },
      {
        "title": "Диспетчерийн хоногийн мэдээ",
        "desc": "Эрчим хүчний яамнаас хувийн хэвшлийн компаниудын төлөөллийг оролцуулсан ээлжит уузалтыг зохион байгууллаа."
      },
      {
        "title": "Диспетчерийн хоногийн мэдээ",
        "desc": "Эрчим хүчний яамнаас хувийн хэвшлийн компаниудын төлөөллийг оролцуулсан ээлжит уузалтыг зохион байгууллаа."
      },
      {
        "title": "Диспетчерийн хоногийн мэдээ",
        "desc": "Эрчим хүчний яамнаас хувийн хэвшлийн компаниудын төлөөллийг оролцуулсан ээлжит уузалтыг зохион байгууллаа."
      }
  ]